{"stats":{"minecraft:picked_up":{"torchmaster:feral_flare_lantern":1,"minecraft:ladder":4,"minecraft:torch":9,"minecraft:red_carpet":3,"minecraft:wheat_seeds":2,"supplementaries:ash":1,"minecraft:oak_sapling":1},"minecraft:used":{"minecraft:oak_trapdoor":4,"minecraft:oak_fence":1,"handcrafted:acacia_bench":1,"ecologics:sandcastle":4,"neapolitan:chimpanzee_spawn_egg":14,"minecraft:cobblestone_stairs":1,"minecraft:dirt_path":164,"minecraft:red_wool":59,"mcwbridges:oak_log_bridge_middle":35,"minecraft:grass_block":134,"minecraft:redstone":1,"minecraft:deepslate":63,"minecraft:cobblestone_slab":1,"supplementaries:stone_tile_stairs":13,"minecraft:stone_bricks":96,"mcwbridges:oak_log_bridge_stair":15,"minecraft:torch":70,"minecraft:sand":54,"minecraft:redstone_lamp":1,"minecraft:glowstone":1,"minecraft:dirt":2,"torchmaster:feral_flare_lantern":32,"minecraft:hay_block":1,"minecraft:written_book":1,"minecraft:cobbled_deepslate_slab":61,"minecraft:white_stained_glass_pane":2,"minecraft:cobblestone_wall":2,"mcwbridges:oak_bridge_pier":199,"minecraft:white_bed":1,"comforts:sleeping_bag_white":1},"minecraft:dropped":{"minecraft:enchanted_book":1,"supplementaries:ash":1,"minecraft:redstone_lamp":1,"minecraft:dirt":1,"torchmaster:feral_flare_lantern":1,"minecraft:wheat_seeds":2,"minecraft:ladder":4,"minecraft:sand":1,"minecraft:grass_block":2,"minecraft:dirt_path":1,"minecraft:written_book":1,"minecraft:red_carpet":3,"minecraft:cobblestone_stairs":1},"minecraft:custom":{"minecraft:time_since_rest":18002,"minecraft:sprint_one_cm":19895,"minecraft:walk_one_cm":57023,"minecraft:trigger_trapped_chest":2,"minecraft:drop":20,"minecraft:damage_dealt":72,"minecraft:talked_to_villager":1,"minecraft:fly_one_cm":1381319,"minecraft:open_chest":12,"minecraft:crouch_one_cm":363,"minecraft:play_time":88938,"minecraft:sneak_time":3702,"minecraft:walk_under_water_one_cm":7378,"minecraft:jump":116,"minecraft:leave_game":1,"minecraft:walk_on_water_one_cm":2654,"minecraft:time_since_death":88938,"minecraft:sleep_in_bed":3,"minecraft:total_world_time":88938,"minecraft:climb_one_cm":252},"minecraft:mined":{"minecraft:grass":1}},"DataVersion":3465}