{"stats":{"minecraft:picked_up":{"vm:vending_machine":1,"securitycraft:sentry":1},"minecraft:custom":{"minecraft:time_since_rest":138024,"minecraft:sprint_one_cm":37678,"minecraft:damage_taken":75,"minecraft:walk_one_cm":113480,"minecraft:mob_kills":1,"minecraft:drop":14,"minecraft:damage_dealt":88,"minecraft:fly_one_cm":413555,"minecraft:crouch_one_cm":439,"minecraft:play_time":157895,"minecraft:sneak_time":2055,"minecraft:walk_under_water_one_cm":6581,"minecraft:jump":164,"minecraft:leave_game":5,"minecraft:time_since_death":157895,"minecraft:walk_on_water_one_cm":1712,"minecraft:sleep_in_bed":3,"minecraft:total_world_time":157895,"minecraft:fall_one_cm":476},"minecraft:dropped":{"minecraft:gravel":1,"mcwbridges:dark_oak_log_bridge_middle":1,"securitycraft:mine":1,"minecraft:wooden_axe":1,"minecraft:glowstone":1,"mcwbridges:pliers":1,"minecraft:sand":3,"vm:vending_machine":2,"securitycraft:reinforced_white_stained_glass":1,"cfm:birch_blinds":1,"mcwbridges:dark_oak_log_bridge_stair":1},"minecraft:used":{"supplementaries:blackboard":10,"minecraft:purpur_block":73,"minecraft:oak_fence":17,"minecraft:glass":9,"minecraft:dark_oak_planks":200,"securitycraft:camera_monitor":2,"minecraft:mossy_stone_bricks":61,"crockpot:crock_pot":1,"cfm:post_box":1,"supplementaries:flag_white":4,"minecraft:red_wool":32,"redeco:jungle_display_case":1,"minecraft:quartz_block":539,"supplementaries:clock_block":2,"cfm:stripped_spruce_bedside_cabinet":1,"minecraft:mossy_stone_brick_stairs":29,"minecraft:sandstone":46,"minecraft:polished_blackstone_brick_stairs":88,"supplementaries:sign_post_dark_oak":4,"securitycraft:security_camera":2,"cfm:spruce_mail_box":1,"cfm:stripped_jungle_cabinet":1,"minecraft:quartz_stairs":172,"minecraft:gravel":124,"minecraft:tadpole_bucket":1,"securitycraft:scanner_door_item":1,"supplementaries:globe":1,"supplementaries:sconce":11,"minecraft:yellow_wool":19,"securitycraft:mine":1,"securitycraft:sentry":1,"minecraft:polished_blackstone_bricks":146,"minecraft:torch":77,"elevatorid:elevator_white":5,"securitycraft:reinforced_white_stained_glass":180,"redeco:purple_sofa":4,"comforts:rope_and_nail":5,"minecraft:glowstone":36,"minecraft:sand":2,"minecraft:purpur_stairs":29,"redeco:trash_bin":1,"cfm:trampoline":27,"supplementaries:bomb":11,"cfm:birch_blinds":1,"minecraft:bucket":1,"vm:vending_machine":6,"comforts:sleeping_bag_magenta":3,"mcwbridges:dark_oak_log_bridge_middle":22,"supplementaries:biomesoplenty/sign_post_palm":1,"mcwbridges:dark_oak_log_bridge_stair":20,"minecraft:orange_wool":11,"supplementaries:biomesoplenty/sign_post_redwood":5,"redeco:pink_paper_lantern":1,"minecraft:oak_hanging_sign":8}},"DataVersion":3465}