{"stats":{"minecraft:custom":{"minecraft:time_since_rest":53475,"minecraft:crouch_one_cm":11,"minecraft:sprint_one_cm":5088,"minecraft:play_time":53475,"minecraft:walk_one_cm":9266,"minecraft:sneak_time":1349,"minecraft:drop":16,"minecraft:jump":19,"minecraft:leave_game":1,"minecraft:time_since_death":53475,"minecraft:climb_one_cm":176,"minecraft:total_world_time":53475,"minecraft:fly_one_cm":348390},"minecraft:used":{"minecraft:yellow_wool":30,"minecraft:oak_trapdoor":4,"minetraps:obstacle":12,"minecraft:oak_fence":1,"minecraft:torch":63,"minecraft:glowstone":1,"minecraft:hay_block":1,"minecraft:red_wool":30,"minecraft:grass_block":219,"chipped:warning_yellow_concrete":62,"minecraft:cobblestone_wall":2,"minetraps:barbed_wire_fence":145,"minetraps:razor_wire":59,"minecraft:cobblestone_slab":1,"adorn:chain_link_fence":59},"minecraft:dropped":{"minecraft:oak_fence":1,"minecraft:hay_block":1,"minecraft:grass":1,"minecraft:torch":5,"minecraft:cobblestone_wall":2,"minecraft:grass_block":1,"minecraft:ladder":1,"minecraft:oak_sapling":1,"minecraft:red_carpet":3},"minecraft:picked_up":{"minecraft:red_carpet":3,"minecraft:ladder":1,"minecraft:torch":7,"minecraft:oak_sapling":1}},"DataVersion":3465}