{"stats":{"minecraft:custom":{"minecraft:jump":80,"minecraft:open_chest":2,"minecraft:time_since_rest":15411,"minecraft:crouch_one_cm":102,"minecraft:walk_on_water_one_cm":1622,"minecraft:sprint_one_cm":8952,"minecraft:play_time":15411,"minecraft:damage_taken":230,"minecraft:time_since_death":15411,"minecraft:walk_one_cm":14923,"minecraft:sneak_time":1005,"minecraft:total_world_time":15411,"minecraft:walk_under_water_one_cm":24097,"minecraft:fly_one_cm":678705,"minecraft:interact_with_brewingstand":1}},"DataVersion":3465}