{"stats":{"minecraft:used":{"minecraft:yellow_wool":68,"minecraft:torch":63,"minetraps:obstacle":12,"minecraft:oak_fence":1,"minecraft:glowstone":1,"minecraft:stone_brick_slab":13,"minecraft:hay_block":1,"minecraft:red_wool":62,"minecraft:grass_block":219,"chipped:warning_yellow_concrete":62,"minecraft:cobblestone_wall":2,"minecraft:stone_bricks":61,"minecraft:oak_trapdoor":4,"minetraps:barbed_wire_fence":145,"minetraps:razor_wire":59,"minecraft:cobblestone_slab":1,"minecraft:stone_brick_stairs":70,"adorn:chain_link_fence":59},"minecraft:custom":{"minecraft:time_since_rest":69893,"minecraft:crouch_one_cm":97,"minecraft:sprint_one_cm":14448,"minecraft:play_time":69893,"minecraft:walk_one_cm":20792,"minecraft:sneak_time":1799,"minecraft:drop":17,"minecraft:aviate_one_cm":240,"minecraft:jump":68,"minecraft:leave_game":2,"minecraft:time_since_death":69893,"minecraft:climb_one_cm":176,"minecraft:total_world_time":69893,"minecraft:fall_one_cm":534,"minecraft:fly_one_cm":454867},"minecraft:picked_up":{"minecraft:red_carpet":3,"minecraft:ladder":1,"minecraft:torch":7,"minecraft:oak_sapling":1},"minecraft:dropped":{"minecraft:oak_fence":1,"minecraft:hay_block":1,"minecraft:grass":1,"minecraft:torch":5,"minecraft:cobblestone_wall":2,"minecraft:yellow_wool":1,"minecraft:grass_block":1,"minecraft:ladder":1,"minecraft:oak_sapling":1,"minecraft:red_carpet":3}},"DataVersion":3465}