{"stats":{"minecraft:dropped":{"minecraft:sand":2},"minecraft:custom":{"minecraft:jump":19,"minecraft:time_since_rest":12006,"minecraft:damage_dealt":10,"minecraft:leave_game":2,"minecraft:play_time":12006,"minecraft:sprint_one_cm":2267,"minecraft:walk_on_water_one_cm":194,"minecraft:time_since_death":12006,"minecraft:walk_one_cm":17151,"minecraft:sneak_time":551,"minecraft:total_world_time":12006,"minecraft:fall_one_cm":267,"minecraft:drop":2,"minecraft:fly_one_cm":165916},"minecraft:used":{"mcwbridges:dark_oak_log_bridge_middle":12,"securitycraft:mine":1,"minecraft:sand":2,"minecraft:gravel":27}},"DataVersion":3465}