{"stats":{"minecraft:picked_up":{"torchmaster:feral_flare_lantern":1,"minecraft:ladder":4,"ecologics:coconut_slice":8,"minecraft:torch":9,"minecraft:red_carpet":3,"minecraft:wheat_seeds":2,"supplementaries:ash":1,"minecraft:oak_sapling":1},"minecraft:used":{"minecraft:stone_brick_slab":31,"minecraft:oak_trapdoor":4,"minecraft:oak_fence":1,"handcrafted:acacia_bench":1,"ecologics:sandcastle":4,"neapolitan:chimpanzee_spawn_egg":25,"minecraft:cobblestone_stairs":1,"minecraft:dirt_path":164,"neapolitan:banana_bunch":8,"minecraft:red_wool":94,"mcwbridges:oak_log_bridge_middle":36,"minecraft:grass_block":263,"minecraft:redstone":1,"minecraft:deepslate":64,"minecraft:cobblestone_slab":1,"supplementaries:stone_tile_stairs":14,"minecraft:stone_brick_stairs":108,"minecraft:stone_bricks":178,"mcwbridges:oak_log_bridge_stair":16,"ecologics:coconut_slice":1,"minecraft:torch":70,"minecraft:sand":54,"minecraft:redstone_lamp":1,"minecraft:glowstone":1,"minecraft:dirt":2,"torchmaster:feral_flare_lantern":47,"minecraft:hay_block":1,"minecraft:written_book":1,"minecraft:cobbled_deepslate_slab":61,"minecraft:white_stained_glass_pane":2,"minecraft:cobblestone_wall":2,"mcwbridges:oak_bridge_pier":200,"minecraft:white_bed":1,"comforts:sleeping_bag_white":1,"neapolitan:banana_bundle":8},"minecraft:dropped":{"minecraft:enchanted_book":1,"supplementaries:ash":1,"minecraft:redstone_lamp":1,"minecraft:dirt":1,"torchmaster:feral_flare_lantern":1,"minecraft:wheat_seeds":2,"ecologics:coconut_slice":4,"minecraft:ladder":4,"minecraft:sand":1,"minecraft:grass_block":2,"minecraft:dirt_path":1,"minecraft:written_book":1,"minecraft:red_carpet":3,"minecraft:cobblestone_stairs":1},"minecraft:custom":{"minecraft:damage_taken":160,"minecraft:time_since_rest":42002,"minecraft:sprint_one_cm":24511,"minecraft:walk_one_cm":73518,"minecraft:trigger_trapped_chest":2,"minecraft:drop":24,"minecraft:damage_dealt":82,"minecraft:talked_to_villager":1,"minecraft:fly_one_cm":1533931,"minecraft:open_chest":12,"minecraft:crouch_one_cm":642,"minecraft:play_time":112938,"minecraft:sneak_time":4473,"minecraft:walk_under_water_one_cm":8423,"minecraft:jump":144,"minecraft:leave_game":1,"minecraft:walk_on_water_one_cm":2917,"minecraft:time_since_death":112938,"minecraft:sleep_in_bed":3,"minecraft:total_world_time":112938,"minecraft:climb_one_cm":252,"minecraft:fall_one_cm":975},"minecraft:mined":{"minecraft:grass":1}},"DataVersion":3465}