{"stats":{"minecraft:picked_up":{"securitycraft:sentry":1},"minecraft:custom":{"minecraft:time_since_rest":90408,"minecraft:sprint_one_cm":11041,"minecraft:walk_one_cm":42830,"minecraft:drop":8,"minecraft:damage_dealt":49,"minecraft:fly_one_cm":372748,"minecraft:crouch_one_cm":378,"minecraft:play_time":110279,"minecraft:sneak_time":1873,"minecraft:walk_under_water_one_cm":6581,"minecraft:jump":69,"minecraft:leave_game":4,"minecraft:time_since_death":110279,"minecraft:walk_on_water_one_cm":540,"minecraft:sleep_in_bed":3,"minecraft:total_world_time":110279,"minecraft:fall_one_cm":476},"minecraft:dropped":{"minecraft:gravel":1,"mcwbridges:dark_oak_log_bridge_middle":1,"securitycraft:mine":1,"minecraft:glowstone":1,"mcwbridges:pliers":1,"minecraft:sand":2,"mcwbridges:dark_oak_log_bridge_stair":1},"minecraft:used":{"minecraft:oak_fence":12,"minecraft:glass":9,"minecraft:dark_oak_planks":200,"securitycraft:camera_monitor":2,"minecraft:red_wool":10,"minecraft:quartz_block":534,"supplementaries:clock_block":2,"minecraft:polished_blackstone_brick_stairs":88,"supplementaries:sign_post_dark_oak":4,"securitycraft:security_camera":2,"minecraft:quartz_stairs":171,"minecraft:gravel":39,"securitycraft:scanner_door_item":1,"securitycraft:mine":1,"minecraft:torch":77,"minecraft:polished_blackstone_bricks":136,"securitycraft:sentry":1,"elevatorid:elevator_white":5,"securitycraft:reinforced_white_stained_glass":179,"redeco:purple_sofa":4,"minecraft:glowstone":36,"minecraft:sand":2,"supplementaries:bomb":11,"comforts:sleeping_bag_magenta":3,"mcwbridges:dark_oak_log_bridge_middle":22,"mcwbridges:dark_oak_log_bridge_stair":20,"minecraft:orange_wool":11,"supplementaries:biomesoplenty/sign_post_redwood":3}},"DataVersion":3465}