{"stats":{"minecraft:custom":{"minecraft:jump":8,"minecraft:time_since_rest":29788,"minecraft:crouch_one_cm":11,"minecraft:sprint_one_cm":5088,"minecraft:play_time":29788,"minecraft:time_since_death":29788,"minecraft:walk_one_cm":7996,"minecraft:sneak_time":1094,"minecraft:total_world_time":29788,"minecraft:drop":11,"minecraft:fly_one_cm":274779},"minecraft:used":{"minecraft:torch":63,"minecraft:grass_block":219},"minecraft:dropped":{"minecraft:torch":5,"minecraft:grass_block":1,"minecraft:ladder":1,"minecraft:oak_sapling":1,"minecraft:red_carpet":3},"minecraft:picked_up":{"minecraft:red_carpet":3,"minecraft:ladder":1,"minecraft:oak_sapling":1,"minecraft:torch":7}},"DataVersion":3465}