{"stats":{"minecraft:picked_up":{"minecraft:red_carpet":3,"minecraft:oak_sapling":1,"minecraft:torch":8},"minecraft:used":{"minecraft:torch":70,"minecraft:dirt":2,"ecologics:sandcastle":4,"minecraft:redstone_lamp":1,"torchmaster:feral_flare_lantern":16,"minecraft:grass_block":79},"minecraft:dropped":{"minecraft:dirt":1,"minecraft:redstone_lamp":1,"minecraft:red_carpet":3},"minecraft:custom":{"minecraft:jump":20,"minecraft:time_since_rest":29336,"minecraft:crouch_one_cm":29,"minecraft:sprint_one_cm":8338,"minecraft:play_time":29336,"minecraft:time_since_death":29336,"minecraft:walk_one_cm":7326,"minecraft:sneak_time":660,"minecraft:total_world_time":29336,"minecraft:drop":5,"minecraft:fly_one_cm":203192},"minecraft:mined":{"minecraft:grass":1}},"DataVersion":3465}