{"stats":{"minecraft:custom":{"minecraft:time_since_rest":41788,"minecraft:crouch_one_cm":11,"minecraft:play_time":41788,"minecraft:sprint_one_cm":5088,"minecraft:walk_one_cm":8395,"minecraft:sneak_time":1264,"minecraft:drop":16,"minecraft:jump":12,"minecraft:time_since_death":41788,"minecraft:climb_one_cm":176,"minecraft:total_world_time":41788,"minecraft:fly_one_cm":295842},"minecraft:used":{"adorn:chain_link_fence":33,"minecraft:oak_trapdoor":4,"minecraft:oak_fence":1,"minetraps:obstacle":6,"minecraft:glowstone":1,"minecraft:torch":63,"minecraft:hay_block":1,"minecraft:grass_block":219,"minecraft:cobblestone_wall":2,"chipped:warning_yellow_concrete":31,"minetraps:barbed_wire_fence":86,"minetraps:razor_wire":37,"minecraft:cobblestone_slab":1},"minecraft:dropped":{"minecraft:oak_fence":1,"minecraft:grass":1,"minecraft:hay_block":1,"minecraft:torch":5,"minecraft:cobblestone_wall":2,"minecraft:grass_block":1,"minecraft:oak_sapling":1,"minecraft:red_carpet":3,"minecraft:ladder":1},"minecraft:picked_up":{"minecraft:red_carpet":3,"minecraft:ladder":1,"minecraft:torch":7,"minecraft:oak_sapling":1}},"DataVersion":3465}