{"stats":{"minecraft:picked_up":{"securitycraft:sentry":1},"minecraft:custom":{"minecraft:time_since_rest":114024,"minecraft:sprint_one_cm":30466,"minecraft:walk_one_cm":77967,"minecraft:drop":9,"minecraft:damage_dealt":49,"minecraft:fly_one_cm":406288,"minecraft:crouch_one_cm":379,"minecraft:play_time":133895,"minecraft:sneak_time":2008,"minecraft:walk_under_water_one_cm":6581,"minecraft:jump":136,"minecraft:leave_game":5,"minecraft:time_since_death":133895,"minecraft:walk_on_water_one_cm":540,"minecraft:sleep_in_bed":3,"minecraft:total_world_time":133895,"minecraft:fall_one_cm":476},"minecraft:dropped":{"minecraft:gravel":1,"mcwbridges:dark_oak_log_bridge_middle":1,"securitycraft:mine":1,"minecraft:wooden_axe":1,"minecraft:glowstone":1,"mcwbridges:pliers":1,"minecraft:sand":2,"mcwbridges:dark_oak_log_bridge_stair":1},"minecraft:used":{"minecraft:purpur_block":68,"minecraft:oak_fence":12,"minecraft:glass":9,"minecraft:dark_oak_planks":200,"securitycraft:camera_monitor":2,"minecraft:mossy_stone_bricks":61,"minecraft:red_wool":32,"minecraft:quartz_block":534,"supplementaries:clock_block":2,"minecraft:mossy_stone_brick_stairs":29,"minecraft:polished_blackstone_brick_stairs":88,"supplementaries:sign_post_dark_oak":4,"securitycraft:security_camera":2,"minecraft:quartz_stairs":171,"minecraft:gravel":124,"securitycraft:scanner_door_item":1,"minecraft:yellow_wool":19,"securitycraft:mine":1,"securitycraft:sentry":1,"minecraft:polished_blackstone_bricks":146,"minecraft:torch":77,"elevatorid:elevator_white":5,"securitycraft:reinforced_white_stained_glass":179,"redeco:purple_sofa":4,"minecraft:glowstone":36,"minecraft:sand":2,"minecraft:purpur_stairs":29,"supplementaries:bomb":11,"comforts:sleeping_bag_magenta":3,"mcwbridges:dark_oak_log_bridge_middle":22,"mcwbridges:dark_oak_log_bridge_stair":20,"minecraft:orange_wool":11,"supplementaries:biomesoplenty/sign_post_redwood":3,"minecraft:oak_hanging_sign":6}},"DataVersion":3465}