{"stats":{"minecraft:mined":{"biomesoplenty:dead_leaves":2,"biomesoplenty:dead_log":20,"minecraft:sand":1,"biomesoplenty:dried_salt":6,"minecraft:crafting_table":1},"minecraft:dropped":{"minecraft:sand":1},"minecraft:used":{"biomesoplenty:dried_salt":6,"minecraft:wooden_axe":21,"minecraft:crafting_table":1,"biomesoplenty:dead_button":1,"biomesoplenty:dead_sapling":1},"minecraft:killed":{"minecraft:creeper":1},"minecraft:crafted":{"biomesoplenty:dead_button":1,"biomesoplenty:dead_planks":80,"minecraft:crafting_table":2,"minecraft:stick":8,"portablecraftingtable:portable_crafting_table":1,"minecraft:wooden_axe":1},"minecraft:picked_up":{"minecraft:crafting_table":1,"minecraft:arrow":2,"biomesoplenty:dried_salt":6,"biomesoplenty:dead_sapling":1,"biomesoplenty:dead_log":20,"minecraft:sand":1,"minecraft:gunpowder":1},"minecraft:custom":{"minecraft:time_since_rest":21750,"minecraft:play_time":44288,"minecraft:sprint_one_cm":44836,"minecraft:damage_taken":1190,"minecraft:walk_one_cm":21871,"minecraft:deaths":4,"minecraft:sneak_time":50,"minecraft:walk_under_water_one_cm":2088,"minecraft:mob_kills":2,"minecraft:drop":1,"minecraft:jump":294,"minecraft:damage_dealt":396,"minecraft:leave_game":5,"minecraft:time_since_death":21728,"minecraft:walk_on_water_one_cm":2319,"minecraft:total_world_time":44288,"minecraft:swim_one_cm":26366,"minecraft:interact_with_crafting_table":3,"minecraft:fly_one_cm":83124,"minecraft:fall_one_cm":8262}},"DataVersion":3465}