{"stats":{"minecraft:picked_up":{"torchmaster:feral_flare_lantern":1,"minecraft:red_carpet":3,"minecraft:ladder":4,"minecraft:wheat_seeds":2,"minecraft:torch":9,"minecraft:oak_sapling":1},"minecraft:used":{"ecologics:sandcastle":4,"minecraft:oak_fence":1,"minecraft:glowstone":1,"minecraft:dirt":2,"torchmaster:feral_flare_lantern":29,"minecraft:written_book":1,"minecraft:hay_block":1,"minecraft:red_wool":59,"minecraft:grass_block":126,"minecraft:redstone":1,"minecraft:cobblestone_wall":2,"handcrafted:acacia_bench":1,"minecraft:stone_bricks":59,"minecraft:redstone_lamp":1,"minecraft:cobblestone_slab":1,"minecraft:oak_trapdoor":4,"minecraft:torch":70},"minecraft:dropped":{"minecraft:dirt":1,"minecraft:redstone_lamp":1,"torchmaster:feral_flare_lantern":1,"minecraft:wheat_seeds":2,"minecraft:written_book":1,"minecraft:ladder":4,"minecraft:red_carpet":3},"minecraft:custom":{"minecraft:time_since_rest":52938,"minecraft:open_chest":4,"minecraft:play_time":52938,"minecraft:crouch_one_cm":70,"minecraft:sprint_one_cm":12300,"minecraft:walk_one_cm":31824,"minecraft:sneak_time":1779,"minecraft:trigger_trapped_chest":2,"minecraft:drop":13,"minecraft:jump":57,"minecraft:leave_game":1,"minecraft:time_since_death":52938,"minecraft:walk_on_water_one_cm":1419,"minecraft:total_world_time":52938,"minecraft:walk_under_water_one_cm":4063,"minecraft:fly_one_cm":647929},"minecraft:mined":{"minecraft:grass":1}},"DataVersion":3465}