{"stats":{"minecraft:custom":{"minecraft:jump":8,"minecraft:time_since_rest":17788,"minecraft:crouch_one_cm":11,"minecraft:sprint_one_cm":5088,"minecraft:play_time":17788,"minecraft:time_since_death":17788,"minecraft:walk_one_cm":7996,"minecraft:sneak_time":722,"minecraft:total_world_time":17788,"minecraft:drop":3,"minecraft:fly_one_cm":185812},"minecraft:used":{"minecraft:grass_block":46},"minecraft:dropped":{"minecraft:red_carpet":3},"minecraft:picked_up":{"minecraft:red_carpet":3,"minecraft:oak_sapling":1,"minecraft:torch":5}},"DataVersion":3465}