{"stats":{"minecraft:picked_up":{"torchmaster:feral_flare_lantern":1,"minecraft:red_carpet":3,"minecraft:ladder":4,"minecraft:wheat_seeds":2,"minecraft:torch":9,"minecraft:oak_sapling":1},"minecraft:used":{"ecologics:sandcastle":4,"minecraft:oak_fence":1,"minecraft:glowstone":1,"minecraft:dirt":2,"torchmaster:feral_flare_lantern":29,"minecraft:written_book":1,"minecraft:hay_block":1,"minecraft:grass_block":125,"minecraft:redstone":1,"minecraft:cobblestone_wall":2,"minecraft:stone_bricks":59,"minecraft:redstone_lamp":1,"minecraft:cobblestone_slab":1,"minecraft:oak_trapdoor":4,"minecraft:torch":70},"minecraft:dropped":{"minecraft:dirt":1,"minecraft:redstone_lamp":1,"torchmaster:feral_flare_lantern":1,"minecraft:wheat_seeds":2,"minecraft:written_book":1,"minecraft:ladder":4,"minecraft:red_carpet":3},"minecraft:custom":{"minecraft:time_since_rest":40938,"minecraft:open_chest":4,"minecraft:play_time":40938,"minecraft:crouch_one_cm":39,"minecraft:sprint_one_cm":11849,"minecraft:walk_one_cm":22508,"minecraft:sneak_time":1232,"minecraft:trigger_trapped_chest":2,"minecraft:drop":13,"minecraft:jump":45,"minecraft:leave_game":1,"minecraft:time_since_death":40938,"minecraft:walk_on_water_one_cm":1419,"minecraft:total_world_time":40938,"minecraft:fly_one_cm":351051},"minecraft:mined":{"minecraft:grass":1}},"DataVersion":3465}