{"stats":{"minecraft:dropped":{"minecraft:gravel":1,"mcwbridges:dark_oak_log_bridge_middle":1,"securitycraft:mine":1,"minecraft:sand":2,"mcwbridges:dark_oak_log_bridge_stair":1,"mcwbridges:pliers":1},"minecraft:used":{"securitycraft:sentry":1,"securitycraft:camera_monitor":2,"redeco:purple_sofa":4,"securitycraft:mine":1,"minecraft:dark_oak_planks":200,"minecraft:torch":77,"minecraft:sand":2,"comforts:sleeping_bag_magenta":3,"mcwbridges:dark_oak_log_bridge_middle":22,"mcwbridges:dark_oak_log_bridge_stair":20,"minecraft:quartz_block":263,"securitycraft:security_camera":2,"minecraft:gravel":39,"securitycraft:scanner_door_item":1,"elevatorid:elevator_white":5},"minecraft:custom":{"minecraft:time_since_rest":61556,"minecraft:crouch_one_cm":376,"minecraft:sprint_one_cm":9068,"minecraft:play_time":81427,"minecraft:walk_one_cm":29700,"minecraft:sneak_time":1468,"minecraft:walk_under_water_one_cm":6581,"minecraft:drop":7,"minecraft:jump":62,"minecraft:damage_dealt":49,"minecraft:leave_game":3,"minecraft:walk_on_water_one_cm":540,"minecraft:time_since_death":81427,"minecraft:sleep_in_bed":3,"minecraft:total_world_time":81427,"minecraft:fall_one_cm":476,"minecraft:fly_one_cm":294516},"minecraft:picked_up":{"securitycraft:sentry":1}},"DataVersion":3465}