{"stats":{"minecraft:used":{"supplementaries:blackboard":10,"minecraft:oak_fence":17,"minecraft:purpur_block":73,"camera:image_frame":16,"minecraft:mossy_stone_bricks":61,"crockpot:crock_pot":1,"cfm:post_box":1,"supplementaries:flag_white":4,"redeco:jungle_display_case":1,"securitycraft:panic_button":1,"minecraft:mossy_stone_brick_stairs":29,"minecraft:sandstone":46,"supplementaries:sign_post_dark_oak":4,"securitycraft:security_camera":7,"minecraft:quartz_stairs":172,"cfm:stripped_jungle_cabinet":1,"securitycraft:scanner_door_item":1,"supplementaries:sconce":11,"minecraft:polished_blackstone_bricks":146,"minecraft:torch":77,"supplementaries:globe":1,"elevatorid:elevator_white":5,"redeco:purple_sofa":4,"minecraft:purpur_stairs":29,"minecraft:sand":2,"supplementaries:bomb":11,"cfm:trampoline":27,"comforts:sleeping_bag_magenta":3,"mcwbridges:dark_oak_log_bridge_middle":22,"mcwbridges:dark_oak_log_bridge_stair":20,"minecraft:orange_wool":11,"supplementaries:biomesoplenty/sign_post_palm":1,"minecraft:dark_oak_planks":200,"minecraft:glass":9,"littleframes:creative_pic_frame":2,"securitycraft:camera_monitor":2,"minecraft:red_wool":32,"bettercopper:copper_sword":55,"luminousworld:king_crab_plaque":1,"minecraft:quartz_block":540,"supplementaries:clock_block":2,"cfm:stripped_spruce_bedside_cabinet":1,"minecraft:polished_blackstone_brick_stairs":88,"cfm:spruce_mail_box":1,"minecraft:gravel":124,"minecraft:yellow_wool":19,"securitycraft:mine":1,"securitycraft:sentry":1,"minecraft:tadpole_bucket":1,"securitycraft:reinforced_white_stained_glass":182,"comforts:rope_and_nail":5,"minecraft:glowstone":36,"securitycraft:motion_activated_light":1,"redeco:trash_bin":1,"vm:vending_machine":10,"minecraft:bucket":1,"cfm:birch_blinds":1,"supplementaries:biomesoplenty/sign_post_redwood":5,"redeco:pink_paper_lantern":1,"securitycraft:alarm":1,"minecraft:oak_hanging_sign":8},"minecraft:picked_up":{"securitycraft:sentry":1,"camera:image":15,"vm:vending_machine":1,"minecraft:quartz_block":1,"minecraft:rotten_flesh":6,"luminousworld:king_crab_plaque":1,"minecraft:chainmail_helmet":1,"supplementaries:ash":2,"littleframes:creative_pic_frame":2},"minecraft:killed":{"luminousworld:sand_crab":2,"luminousworld:king_crab":1,"minecraft:zombie":1},"minecraft:custom":{"minecraft:mob_kills":5,"minecraft:leave_game":8,"minecraft:time_since_death":189693,"minecraft:sleep_in_bed":3,"minecraft:time_since_rest":169822,"minecraft:sprint_one_cm":47929,"minecraft:damage_taken":95,"minecraft:walk_one_cm":153771,"minecraft:drop":28,"minecraft:damage_dealt":1900,"minecraft:fly_one_cm":458403,"minecraft:play_time":189693,"minecraft:crouch_one_cm":439,"minecraft:sneak_time":2377,"minecraft:walk_under_water_one_cm":17017,"minecraft:jump":237,"minecraft:walk_on_water_one_cm":2819,"minecraft:total_world_time":189693,"minecraft:fall_one_cm":745},"minecraft:dropped":{"minecraft:gravel":1,"securitycraft:mine":1,"mcwbridges:pliers":1,"minecraft:rotten_flesh":6,"vm:vending_machine":2,"luminousworld:king_crab_plaque":1,"securitycraft:reinforced_white_stained_glass":1,"minecraft:chainmail_helmet":1,"mcwbridges:dark_oak_log_bridge_middle":1,"supplementaries:ash":2,"minecraft:wooden_axe":1,"minecraft:quartz_block":1,"littleframes:creative_pic_frame":2,"minecraft:glowstone":1,"bettercopper:copper_sword":1,"minecraft:sand":3,"cfm:birch_blinds":1,"mcwbridges:dark_oak_log_bridge_stair":1}},"DataVersion":3465}