{"stats":{"minecraft:used":{"biomesoplenty:dried_salt":6,"minecraft:wooden_axe":18,"minecraft:crafting_table":1,"biomesoplenty:dead_button":1,"biomesoplenty:dead_sapling":1},"minecraft:dropped":{"minecraft:sand":1},"minecraft:custom":{"minecraft:time_since_rest":6066,"minecraft:sprint_one_cm":27060,"minecraft:play_time":28604,"minecraft:deaths":4,"minecraft:damage_taken":1160,"minecraft:walk_one_cm":16871,"minecraft:sneak_time":30,"minecraft:walk_under_water_one_cm":1025,"minecraft:mob_kills":1,"minecraft:drop":1,"minecraft:jump":256,"minecraft:damage_dealt":196,"minecraft:leave_game":3,"minecraft:walk_on_water_one_cm":1620,"minecraft:time_since_death":6044,"minecraft:total_world_time":28604,"minecraft:swim_one_cm":24684,"minecraft:interact_with_crafting_table":3,"minecraft:fall_one_cm":8053,"minecraft:fly_one_cm":68715},"minecraft:picked_up":{"minecraft:crafting_table":1,"minecraft:arrow":2,"biomesoplenty:dried_salt":6,"biomesoplenty:dead_sapling":1,"biomesoplenty:dead_log":20,"minecraft:sand":1},"minecraft:mined":{"biomesoplenty:dead_leaves":2,"biomesoplenty:dead_log":20,"minecraft:sand":1,"biomesoplenty:dried_salt":6,"minecraft:crafting_table":1},"minecraft:crafted":{"biomesoplenty:dead_button":1,"biomesoplenty:dead_planks":80,"minecraft:crafting_table":2,"minecraft:stick":8,"portablecraftingtable:portable_crafting_table":1,"minecraft:wooden_axe":1}},"DataVersion":3465}