{"stats":{"minecraft:mined":{"minecraft:crafting_table":1,"biomesoplenty:dead_leaves":2,"biomesoplenty:dead_log":20,"minecraft:sand":1,"biomesoplenty:dried_salt":6},"minecraft:dropped":{"minecraft:sand":1,"minecraft:azure_bluet":11,"minecraft:grass_block":1},"minecraft:used":{"minecraft:wooden_axe":21,"minecraft:grass_block":144,"biomesoplenty:dried_salt":6,"minecraft:crafting_table":1,"biomesoplenty:dead_button":1,"biomesoplenty:dead_sapling":1},"minecraft:killed":{"minecraft:creeper":1},"minecraft:crafted":{"biomesoplenty:dead_planks":80,"minecraft:crafting_table":2,"minecraft:stick":8,"minecraft:wooden_axe":1,"biomesoplenty:dead_button":1,"portablecraftingtable:portable_crafting_table":1},"minecraft:picked_up":{"minecraft:crafting_table":1,"minecraft:azure_bluet":11,"biomesoplenty:dried_salt":6,"biomesoplenty:dead_log":20,"minecraft:sand":1,"minecraft:gunpowder":1,"minecraft:arrow":2,"biomesoplenty:dead_sapling":1},"minecraft:custom":{"minecraft:time_since_rest":33750,"minecraft:sprint_one_cm":51504,"minecraft:damage_taken":1190,"minecraft:walk_one_cm":26067,"minecraft:mob_kills":2,"minecraft:drop":13,"minecraft:damage_dealt":406,"minecraft:swim_one_cm":26366,"minecraft:interact_with_crafting_table":3,"minecraft:fly_one_cm":292073,"minecraft:open_chest":2,"minecraft:play_time":56288,"minecraft:deaths":4,"minecraft:sneak_time":673,"minecraft:walk_under_water_one_cm":2088,"minecraft:jump":312,"minecraft:leave_game":5,"minecraft:walk_on_water_one_cm":2319,"minecraft:time_since_death":33728,"minecraft:total_world_time":56288,"minecraft:fall_one_cm":8262}},"DataVersion":3465}