{"stats":{"minecraft:used":{"biomesoplenty:dried_salt":4},"minecraft:dropped":{"minecraft:sand":1},"minecraft:custom":{"minecraft:jump":130,"minecraft:time_since_rest":3671,"minecraft:walk_one_cm":5069,"minecraft:leave_game":3,"minecraft:play_time":16604,"minecraft:sprint_one_cm":14611,"minecraft:damage_taken":765,"minecraft:time_since_death":3643,"minecraft:deaths":2,"minecraft:total_world_time":16604,"minecraft:drop":1,"minecraft:fall_one_cm":3713,"minecraft:fly_one_cm":46888},"minecraft:picked_up":{"minecraft:sand":1,"biomesoplenty:dried_salt":4},"minecraft:mined":{"biomesoplenty:dried_salt":4,"minecraft:sand":1}},"DataVersion":3465}