{"stats":{"minecraft:custom":{"minecraft:jump":107,"minecraft:open_chest":4,"minecraft:time_since_rest":27411,"minecraft:crouch_one_cm":179,"minecraft:walk_on_water_one_cm":1622,"minecraft:sprint_one_cm":10125,"minecraft:play_time":27411,"minecraft:damage_taken":230,"minecraft:time_since_death":27411,"minecraft:walk_one_cm":20327,"minecraft:sneak_time":1500,"minecraft:total_world_time":27411,"minecraft:walk_under_water_one_cm":24097,"minecraft:fly_one_cm":1216722,"minecraft:interact_with_brewingstand":1}},"DataVersion":3465}