{"stats":{"minecraft:used":{"adorn:chain_link_fence":59,"minecraft:oak_trapdoor":4,"minecraft:oak_fence":1,"minecraft:stone_brick_slab":13,"minecraft:firework_rocket":226,"minecraft:red_wool":62,"minecraft:grass_block":219,"chipped:warning_yellow_concrete":62,"minetraps:razor_wire":59,"minecraft:cobblestone_slab":1,"minecraft:yellow_wool":68,"minecraft:stone_brick_stairs":70,"minecraft:stone_bricks":61,"minetraps:obstacle":12,"minecraft:torch":63,"minecraft:glowstone":1,"minecraft:hay_block":1,"minecraft:cobblestone_wall":2,"minetraps:barbed_wire_fence":145},"minecraft:custom":{"minecraft:time_since_rest":99053,"minecraft:sprint_one_cm":14448,"minecraft:walk_one_cm":23755,"minecraft:drop":17,"minecraft:fly_one_cm":605246,"minecraft:open_chest":2,"minecraft:crouch_one_cm":97,"minecraft:play_time":99053,"minecraft:sneak_time":2008,"minecraft:aviate_one_cm":2607920,"minecraft:jump":80,"minecraft:leave_game":3,"minecraft:time_since_death":99053,"minecraft:climb_one_cm":176,"minecraft:total_world_time":99053,"minecraft:fall_one_cm":534},"minecraft:picked_up":{"minecraft:ladder":1,"minecraft:torch":7,"minecraft:red_carpet":3,"minecraft:oak_sapling":1},"minecraft:dropped":{"minecraft:grass":1,"minecraft:hay_block":1,"minecraft:torch":5,"minecraft:cobblestone_wall":2,"minecraft:yellow_wool":1,"minecraft:oak_sapling":1,"minecraft:ladder":1,"minecraft:oak_fence":1,"minecraft:grass_block":1,"minecraft:red_carpet":3}},"DataVersion":3465}