{"stats":{"minecraft:picked_up":{"minecraft:red_carpet":3,"minecraft:torch":1},"minecraft:used":{"minecraft:torch":70,"minecraft:redstone_lamp":1,"minecraft:grass_block":1},"minecraft:dropped":{"minecraft:redstone_lamp":1,"minecraft:red_carpet":3},"minecraft:custom":{"minecraft:jump":5,"minecraft:time_since_rest":17336,"minecraft:sprint_one_cm":1633,"minecraft:play_time":17336,"minecraft:time_since_death":17336,"minecraft:walk_one_cm":1806,"minecraft:sneak_time":360,"minecraft:total_world_time":17336,"minecraft:drop":4,"minecraft:fly_one_cm":100057},"minecraft:mined":{"minecraft:grass":1}},"DataVersion":3465}