{"stats":{"minecraft:custom":{"minecraft:mob_kills":6,"minecraft:leave_game":19,"minecraft:time_since_death":14150,"minecraft:sleep_in_bed":5,"minecraft:time_since_rest":14173,"minecraft:sprint_one_cm":232420,"minecraft:damage_taken":1060,"minecraft:walk_one_cm":301035,"minecraft:drop":54,"minecraft:damage_dealt":2044,"minecraft:swim_one_cm":5102,"minecraft:fly_one_cm":1400165,"minecraft:crouch_one_cm":1346,"minecraft:play_time":320956,"minecraft:deaths":4,"minecraft:sneak_time":5116,"minecraft:walk_under_water_one_cm":82988,"minecraft:jump":701,"minecraft:walk_on_water_one_cm":8366,"minecraft:total_world_time":320956,"minecraft:fall_one_cm":5082},"minecraft:killed":{"luminousworld:sand_crab":2,"luminousworld:swallowtail":1,"luminousworld:king_crab":1,"minecraft:zombie":1},"minecraft:used":{"supplementaries:blackboard":10,"minecraft:oak_fence":19,"minecraft:purpur_block":73,"camera:image_frame":16,"minecraft:mossy_stone_bricks":61,"biomesoplenty:sprout":1,"crockpot:crock_pot":1,"cfm:post_box":1,"supplementaries:flag_white":4,"redeco:jungle_display_case":1,"securitycraft:panic_button":1,"biomesoplenty:fir_leaves":126,"minecraft:mossy_stone_brick_stairs":29,"minecraft:sandstone":46,"supplementaries:sign_post_dark_oak":4,"securitycraft:security_camera":7,"minetraps:razor_wire":52,"cfm:stripped_jungle_cabinet":1,"minecraft:quartz_stairs":172,"securitycraft:scanner_door_item":1,"supplementaries:sconce":11,"minecraft:polished_blackstone_bricks":146,"redeco:purple_sofa":4,"elevatorid:elevator_white":5,"minecraft:torch":77,"supplementaries:globe":1,"minecraft:dirt":4,"minecraft:sand":2,"minecraft:purpur_stairs":29,"cfm:trampoline":27,"supplementaries:bomb":11,"comforts:sleeping_bag_magenta":3,"mcwbridges:dark_oak_log_bridge_middle":22,"mcwbridges:dark_oak_log_bridge_stair":20,"minecraft:orange_wool":11,"supplementaries:biomesoplenty/sign_post_palm":1,"moa_decor_cookery:refrigerador":1,"minecraft:dark_oak_planks":200,"littleframes:creative_pic_frame":2,"bakery:cupcake_display":1,"minecraft:glass":9,"securitycraft:camera_monitor":2,"minecraft:dark_oak_log":1,"minecraft:red_wool":32,"bettercopper:copper_sword":55,"minecraft:grass_block":20,"luminousworld:king_crab_plaque":1,"minecraft:quartz_block":541,"supplementaries:clock_block":2,"cfm:stripped_spruce_bedside_cabinet":1,"bakery:wall_display":1,"minecraft:polished_blackstone_brick_stairs":88,"supplementaries:sign_post_bamboo":1,"cfm:spruce_mail_box":1,"minecraft:gravel":124,"minecraft:yellow_wool":19,"securitycraft:reinforced_white_stained_glass":182,"securitycraft:mine":1,"securitycraft:sentry":1,"minecraft:tadpole_bucket":1,"comforts:rope_and_nail":5,"wildlands:charred_grass":9,"minecraft:glowstone":36,"securitycraft:motion_activated_light":1,"redeco:trash_bin":1,"duckling:duck_egg":1,"vm:vending_machine":12,"bakery:baker_station":3,"minecraft:bucket":1,"naturalist:teddy_bear":1,"cfm:birch_blinds":1,"supplementaries:biomesoplenty/sign_post_redwood":5,"wildlands:conglomerate":9,"comforts:sleeping_bag_white":2,"bakery:crafting_bowl":1,"redeco:pink_paper_lantern":1,"securitycraft:alarm":1,"minecraft:oak_hanging_sign":8},"minecraft:picked_up":{"bakery:strawberry_jam":5,"crockpot:unknown_seeds":2,"securitycraft:sentry":1,"comforts:sleeping_bag_white":3,"camera:image":15,"minecraft:spruce_trapdoor":1,"duckling:duck_egg":1,"biomesoplenty:toadstool":2,"vm:vending_machine":1,"minecraft:grass_block":6,"wildlands:charred_grass":1,"minecraft:quartz_block":1,"minecraft:rotten_flesh":6,"luminousworld:king_crab_plaque":1,"minecraft:chainmail_helmet":1,"supplementaries:ash":2,"littleframes:creative_pic_frame":2},"minecraft:dropped":{"minecraft:gravel":1,"biomesoplenty:toadstool":2,"securitycraft:mine":1,"wildlands:charred_grass":2,"mcwbridges:pliers":1,"minecraft:rotten_flesh":6,"crockpot:unknown_seeds":2,"vm:vending_machine":2,"luminousworld:king_crab_plaque":1,"securitycraft:reinforced_white_stained_glass":1,"minecraft:chainmail_helmet":1,"minecraft:grass_block":10,"biomesoplenty:sprout":1,"minecraft:dirt":2,"mcwbridges:dark_oak_log_bridge_middle":1,"supplementaries:ash":2,"minecraft:dark_oak_log":1,"minecraft:spruce_trapdoor":2,"minecraft:wooden_axe":1,"minecraft:quartz_block":1,"littleframes:creative_pic_frame":2,"bettercopper:copper_sword":1,"minecraft:glowstone":1,"comforts:sleeping_bag_white":2,"biomesoplenty:fir_leaves":1,"minecraft:sand":3,"cfm:birch_blinds":1,"wildlands:conglomerate":1,"mcwbridges:dark_oak_log_bridge_stair":1}},"DataVersion":3465}