{"stats":{"minecraft:dropped":{"minecraft:gravel":1,"mcwbridges:dark_oak_log_bridge_middle":1,"securitycraft:mine":1,"minecraft:sand":2,"mcwbridges:dark_oak_log_bridge_stair":1,"mcwbridges:pliers":1},"minecraft:used":{"securitycraft:mine":1,"minecraft:dark_oak_planks":200,"minecraft:torch":77,"minecraft:sand":2,"comforts:sleeping_bag_magenta":3,"mcwbridges:dark_oak_log_bridge_middle":22,"mcwbridges:dark_oak_log_bridge_stair":20,"minecraft:gravel":39},"minecraft:custom":{"minecraft:time_since_rest":49556,"minecraft:crouch_one_cm":363,"minecraft:sprint_one_cm":3438,"minecraft:play_time":69427,"minecraft:walk_one_cm":23093,"minecraft:sneak_time":1307,"minecraft:walk_under_water_one_cm":6581,"minecraft:drop":7,"minecraft:jump":37,"minecraft:damage_dealt":49,"minecraft:leave_game":3,"minecraft:walk_on_water_one_cm":540,"minecraft:time_since_death":69427,"minecraft:sleep_in_bed":3,"minecraft:total_world_time":69427,"minecraft:fall_one_cm":476,"minecraft:fly_one_cm":290553}},"DataVersion":3465}