{"stats":{"minecraft:picked_up":{"torchmaster:feral_flare_lantern":1,"minecraft:ladder":4,"minecraft:torch":9,"minecraft:red_carpet":3,"minecraft:wheat_seeds":2,"supplementaries:ash":1,"minecraft:oak_sapling":1},"minecraft:used":{"minecraft:oak_trapdoor":4,"minecraft:oak_fence":1,"handcrafted:acacia_bench":1,"ecologics:sandcastle":4,"neapolitan:chimpanzee_spawn_egg":14,"minecraft:cobblestone_stairs":1,"minecraft:dirt_path":164,"minecraft:red_wool":59,"mcwbridges:oak_log_bridge_middle":1,"minecraft:grass_block":134,"minecraft:redstone":1,"minecraft:cobblestone_slab":1,"minecraft:stone_bricks":62,"mcwbridges:oak_log_bridge_stair":5,"minecraft:torch":70,"minecraft:sand":54,"minecraft:redstone_lamp":1,"minecraft:glowstone":1,"minecraft:dirt":2,"torchmaster:feral_flare_lantern":32,"minecraft:hay_block":1,"minecraft:written_book":1,"minecraft:cobbled_deepslate_slab":61,"minecraft:white_stained_glass_pane":2,"minecraft:cobblestone_wall":2,"minecraft:white_bed":1,"comforts:sleeping_bag_white":1},"minecraft:dropped":{"minecraft:enchanted_book":1,"supplementaries:ash":1,"minecraft:redstone_lamp":1,"minecraft:dirt":1,"torchmaster:feral_flare_lantern":1,"minecraft:wheat_seeds":2,"minecraft:ladder":4,"minecraft:sand":1,"minecraft:grass_block":2,"minecraft:dirt_path":1,"minecraft:written_book":1,"minecraft:red_carpet":3,"minecraft:cobblestone_stairs":1},"minecraft:custom":{"minecraft:time_since_rest":6002,"minecraft:sprint_one_cm":19859,"minecraft:walk_one_cm":52117,"minecraft:trigger_trapped_chest":2,"minecraft:drop":20,"minecraft:damage_dealt":72,"minecraft:talked_to_villager":1,"minecraft:fly_one_cm":1328888,"minecraft:open_chest":12,"minecraft:crouch_one_cm":134,"minecraft:play_time":76938,"minecraft:sneak_time":3080,"minecraft:walk_under_water_one_cm":7378,"minecraft:jump":90,"minecraft:leave_game":1,"minecraft:walk_on_water_one_cm":2095,"minecraft:time_since_death":76938,"minecraft:sleep_in_bed":3,"minecraft:total_world_time":76938,"minecraft:climb_one_cm":252},"minecraft:mined":{"minecraft:grass":1}},"DataVersion":3465}