{"stats":{"minecraft:picked_up":{"torchmaster:feral_flare_lantern":1,"minecraft:ladder":4,"minecraft:torch":9,"minecraft:red_carpet":3,"minecraft:wheat_seeds":2,"supplementaries:ash":1,"minecraft:oak_sapling":1},"minecraft:used":{"minecraft:oak_trapdoor":4,"minecraft:oak_fence":1,"handcrafted:acacia_bench":1,"ecologics:sandcastle":4,"minecraft:dirt_path":164,"minecraft:red_wool":59,"minecraft:grass_block":126,"minecraft:redstone":1,"minecraft:cobblestone_slab":1,"minecraft:stone_bricks":59,"minecraft:torch":70,"minecraft:redstone_lamp":1,"minecraft:glowstone":1,"minecraft:dirt":2,"torchmaster:feral_flare_lantern":29,"minecraft:hay_block":1,"minecraft:written_book":1,"minecraft:white_stained_glass_pane":2,"minecraft:cobblestone_wall":2},"minecraft:dropped":{"supplementaries:ash":1,"minecraft:redstone_lamp":1,"minecraft:dirt":1,"torchmaster:feral_flare_lantern":1,"minecraft:wheat_seeds":2,"minecraft:ladder":4,"minecraft:dirt_path":1,"minecraft:written_book":1,"minecraft:red_carpet":3},"minecraft:custom":{"minecraft:time_since_rest":11197,"minecraft:sprint_one_cm":19460,"minecraft:walk_one_cm":48371,"minecraft:trigger_trapped_chest":2,"minecraft:drop":15,"minecraft:talked_to_villager":1,"minecraft:fly_one_cm":1011054,"minecraft:open_chest":10,"minecraft:crouch_one_cm":118,"minecraft:play_time":64938,"minecraft:sneak_time":2352,"minecraft:walk_under_water_one_cm":7378,"minecraft:jump":77,"minecraft:leave_game":1,"minecraft:walk_on_water_one_cm":2095,"minecraft:time_since_death":64938,"minecraft:sleep_in_bed":1,"minecraft:total_world_time":64938,"minecraft:climb_one_cm":252},"minecraft:mined":{"minecraft:grass":1}},"DataVersion":3465}