{"stats":{"minecraft:used":{"minecraft:anvil":1},"minecraft:custom":{"minecraft:jump":123,"minecraft:time_since_rest":9172,"minecraft:leave_game":1,"minecraft:damage_dealt":40,"minecraft:crouch_one_cm":5,"minecraft:walk_on_water_one_cm":4264,"minecraft:sprint_one_cm":38111,"minecraft:play_time":9172,"minecraft:damage_taken":45,"minecraft:time_since_death":9172,"minecraft:walk_one_cm":15766,"minecraft:sneak_time":66,"minecraft:total_world_time":9172,"minecraft:walk_under_water_one_cm":4686,"minecraft:interact_with_anvil":1,"minecraft:swim_one_cm":1572,"minecraft:drop":2,"minecraft:fall_one_cm":2899,"minecraft:fly_one_cm":33770},"minecraft:dropped":{"minecraft:anvil":1,"minecraft:name_tag":1},"minecraft:picked_up":{"minecraft:name_tag":1}},"DataVersion":3465}