{
  "orcz:orczchallenge": {
    "criteria": {
      "orczchallenge": "2024-07-29 18:03:46 +0000"
    },
    "done": true
  },
  "minecraft:adventure/adventuring_time": {
    "criteria": {
      "minecraft:beach": "2024-07-29 18:49:22 +0000",
      "minecraft:lukewarm_ocean": "2024-07-29 19:31:51 +0000",
      "minecraft:river": "2024-07-29 19:31:47 +0000",
      "minecraft:deep_cold_ocean": "2024-07-29 19:39:11 +0000",
      "minecraft:ocean": "2024-07-29 19:31:11 +0000",
      "minecraft:deep_lukewarm_ocean": "2024-07-29 19:32:01 +0000",
      "minecraft:plains": "2024-07-29 18:03:46 +0000"
    },
    "done": false
  },
  "minecraft:recipes/decorations/crafting_table": {
    "criteria": {
      "unlock_right_away": "2024-07-29 18:03:47 +0000"
    },
    "done": true
  },
  "morevillagers:root": {
    "criteria": {
      "always": "2024-07-29 18:03:47 +0000"
    },
    "done": true
  },
  "minecraft:nether/explore_nether": {
    "criteria": {
      "minecraft:nether_wastes": "2024-07-29 18:10:33 +0000"
    },
    "done": false
  },
  "minecraft:story/enter_the_nether": {
    "criteria": {
      "entered_nether": "2024-07-29 18:10:33 +0000"
    },
    "done": true
  },
  "minecraft:nether/root": {
    "criteria": {
      "entered_nether": "2024-07-29 18:10:33 +0000"
    },
    "done": true
  },
  "mcwfences:recipes/dark_oak": {
    "criteria": {
      "has_dark_oak": "2024-07-29 18:11:38 +0000"
    },
    "done": true
  },
  "mcwfences:recipes/crimson": {
    "criteria": {
      "has_crimson": "2024-07-29 18:11:38 +0000"
    },
    "done": true
  },
  "create:root": {
    "criteria": {
      "0": "2024-07-29 18:11:38 +0000"
    },
    "done": true
  },
  "mcwfences:recipes/jungle": {
    "criteria": {
      "has_jungle": "2024-07-29 18:11:38 +0000"
    },
    "done": true
  },
  "naturalist:recipes/food/cooked_egg": {
    "criteria": {
      "has_eggs": "2024-07-29 18:11:38 +0000"
    },
    "done": true
  },
  "mcwfences:recipes/warped": {
    "criteria": {
      "has_warped": "2024-07-29 18:11:38 +0000"
    },
    "done": true
  },
  "mcwfences:recipes/birch": {
    "criteria": {
      "has_birch": "2024-07-29 18:11:38 +0000"
    },
    "done": true
  },
  "mcwfences:recipes/stone": {
    "criteria": {
      "has_stone": "2024-07-29 18:11:38 +0000"
    },
    "done": true
  },
  "mcwfences:recipes/sandstone": {
    "criteria": {
      "has_sand": "2024-07-29 18:11:38 +0000"
    },
    "done": true
  },
  "mcwfences:recipes/acacia": {
    "criteria": {
      "has_acacia": "2024-07-29 18:11:38 +0000"
    },
    "done": true
  },
  "mcwfences:recipes/oak": {
    "criteria": {
      "has_oak": "2024-07-29 18:11:38 +0000"
    },
    "done": true
  },
  "mcwfences:recipes/hedge": {
    "criteria": {
      "has_birch": "2024-07-29 18:11:38 +0000"
    },
    "done": true
  },
  "minecraft:recipes/building_blocks/coconut_fence": {
    "criteria": {
      "has_item": "2024-07-29 18:11:38 +0000"
    },
    "done": true
  },
  "mcwfences:recipes/prismarine": {
    "criteria": {
      "has_qq": "2024-07-29 18:11:38 +0000"
    },
    "done": true
  },
  "mcwfences:recipes/quartz": {
    "criteria": {
      "has_qq": "2024-07-29 18:11:38 +0000"
    },
    "done": true
  },
  "mcwfences:recipes/mangrove": {
    "criteria": {
      "has_mangrove": "2024-07-29 18:11:38 +0000"
    },
    "done": true
  },
  "mcwfences:recipes/nether": {
    "criteria": {
      "has_nether_brick": "2024-07-29 18:11:38 +0000"
    },
    "done": true
  },
  "adorn:recipes/red_table_lamp": {
    "criteria": {
      "has_carpet": "2024-07-29 18:11:38 +0000"
    },
    "done": true
  },
  "mcwfences:recipes/bamboo": {
    "criteria": {
      "has_bamboo": "2024-07-29 18:11:38 +0000"
    },
    "done": true
  },
  "mcwfences:recipes/spruce": {
    "criteria": {
      "has_spruce": "2024-07-29 18:11:38 +0000"
    },
    "done": true
  },
  "bakery:main/root": {
    "criteria": {
      "seeds": "2024-07-29 18:11:38 +0000"
    },
    "done": true
  },
  "mcwfences:recipes/end": {
    "criteria": {
      "has_end_brick": "2024-07-29 18:11:38 +0000"
    },
    "done": true
  },
  "mcwfences:recipes/mud_brick": {
    "criteria": {
      "has_qq": "2024-07-29 18:11:38 +0000"
    },
    "done": true
  },
  "mcwfences:recipes/blackstone": {
    "criteria": {
      "has_blackstone": "2024-07-29 18:11:38 +0000"
    },
    "done": true
  },
  "mcwfences:recipes/deepslate": {
    "criteria": {
      "has_deepslate": "2024-07-29 18:11:38 +0000"
    },
    "done": true
  },
  "farmersdelight:main/root": {
    "criteria": {
      "seeds": "2024-07-29 18:11:38 +0000"
    },
    "done": true
  },
  "ironfurnaces:coal": {
    "criteria": {
      "rainbowcoal": "2024-07-29 18:11:40 +0000"
    },
    "done": true
  },
  "mcwbridges:recipes/bridge_torch": {
    "criteria": {
      "has_planks": "2024-07-29 18:17:35 +0000"
    },
    "done": true
  },
  "supplementaries:recipes/sconce": {
    "criteria": {
      "has_torch": "2024-07-29 18:17:35 +0000"
    },
    "done": true
  },
  "minecraft:recipes/building_blocks/chiseled_stone_bricks_from_stone_bricks_stonecutting": {
    "criteria": {
      "has_stone_bricks": "2024-07-29 18:21:59 +0000"
    },
    "done": true
  },
  "adorn:recipes/stone_brick_post": {
    "criteria": {
      "has_stone_bricks": "2024-07-29 18:21:59 +0000"
    },
    "done": true
  },
  "mcwbridges:recipes/balustrade_stone_bricks_bridge": {
    "criteria": {
      "has_planks": "2024-07-29 18:21:59 +0000"
    },
    "done": true
  },
  "minecraft:recipes/building_blocks/stone_brick_slab_from_stone_bricks_stonecutting": {
    "criteria": {
      "has_stone_bricks": "2024-07-29 18:21:59 +0000"
    },
    "done": true
  },
  "minecraft:recipes/building_blocks/stone_brick_stairs": {
    "criteria": {
      "has_stone_bricks": "2024-07-29 18:21:59 +0000"
    },
    "done": true
  },
  "supplementaries:recipes/pedestal": {
    "criteria": {
      "has_stone_bricks": "2024-07-29 18:21:59 +0000"
    },
    "done": true
  },
  "adorn:recipes/stone_brick_chimney": {
    "criteria": {
      "has_key_item_0": "2024-07-29 18:21:59 +0000"
    },
    "done": true
  },
  "minecraft:recipes/building_blocks/stone_brick_slab": {
    "criteria": {
      "has_stone_bricks": "2024-07-29 18:21:59 +0000"
    },
    "done": true
  },
  "supplementaries:recipes/stone_tile": {
    "criteria": {
      "has_stone_bricks": "2024-07-29 18:21:59 +0000"
    },
    "done": true
  },
  "minecraft:recipes/decorations/stone_brick_wall": {
    "criteria": {
      "has_stone_bricks": "2024-07-29 18:21:59 +0000"
    },
    "done": true
  },
  "minecraft:recipes/building_blocks/cracked_stone_bricks": {
    "criteria": {
      "has_stone_bricks": "2024-07-29 18:21:59 +0000"
    },
    "done": true
  },
  "minecraft:recipes/building_blocks/stone_brick_stairs_from_stone_bricks_stonecutting": {
    "criteria": {
      "has_stone_bricks": "2024-07-29 18:21:59 +0000"
    },
    "done": true
  },
  "minecraft:recipes/building_blocks/chiseled_stone_bricks": {
    "criteria": {
      "has_tag": "2024-07-29 18:21:59 +0000"
    },
    "done": true
  },
  "minecraft:recipes/decorations/stone_brick_wall_from_stone_bricks_stonecutting": {
    "criteria": {
      "has_stone_bricks": "2024-07-29 18:21:59 +0000"
    },
    "done": true
  },
  "mcwbridges:recipes/stone_bridge_pier": {
    "criteria": {
      "has_planks": "2024-07-29 18:21:59 +0000"
    },
    "done": true
  },
  "supplementaries:recipes/stonecutting/stone_tile": {
    "criteria": {
      "has_stone_bricks": "2024-07-29 18:21:59 +0000"
    },
    "done": true
  },
  "mcwbridges:recipes/stone_brick_bridge": {
    "criteria": {
      "has_planks": "2024-07-29 18:21:59 +0000"
    },
    "done": true
  },
  "adorn:chain_link_fence": {
    "criteria": {
      "has_chain_link_fence": "2024-07-29 18:29:56 +0000"
    },
    "done": true
  },
  "adorn:everything": {
    "criteria": {
      "has_chain_link_fence": "2024-07-29 18:29:56 +0000"
    },
    "done": false
  },
  "minecraft:recipes/redstone/target": {
    "criteria": {
      "has_hay_block": "2024-07-29 18:37:42 +0000"
    },
    "done": true
  },
  "supplementaries:recipes/fodder": {
    "criteria": {
      "has_hay_block": "2024-07-29 18:37:42 +0000"
    },
    "done": true
  },
  "minecraft:recipes/misc/wheat": {
    "criteria": {
      "has_hay_block": "2024-07-29 18:37:42 +0000"
    },
    "done": true
  },
  "farmersdelight:recipes/decorations/oak_cabinet": {
    "criteria": {
      "has_oak_trapdoor": "2024-07-29 18:38:01 +0000"
    },
    "done": true
  },
  "minecraft:recipes/redstone/redstone_lamp": {
    "criteria": {
      "has_glowstone": "2024-07-29 18:38:04 +0000"
    },
    "done": true
  },
  "adorn:recipes/cobblestone_step": {
    "criteria": {
      "has_slab": "2024-07-29 18:38:09 +0000"
    },
    "done": true
  },
  "supplementaries:recipes/crank": {
    "criteria": {
      "has_cobblestone_slab": "2024-07-29 18:38:09 +0000"
    },
    "done": true
  },
  "adorn:recipes/cobblestone_platform": {
    "criteria": {
      "has_slab": "2024-07-29 18:38:09 +0000"
    },
    "done": true
  },
  "another_furniture:recipes/red_curtain": {
    "criteria": {
      "has_wool": "2024-07-29 18:43:10 +0000"
    },
    "done": true
  },
  "create:recipes/building_blocks/crafting/kinetics/blue_seat": {
    "criteria": {
      "has_wool": "2024-07-29 18:43:10 +0000"
    },
    "done": true
  },
  "create:recipes/building_blocks/crafting/kinetics/light_blue_seat": {
    "criteria": {
      "has_wool": "2024-07-29 18:43:10 +0000"
    },
    "done": true
  },
  "handcrafted:recipes/misc/red_cushion": {
    "criteria": {
      "has_red_cushion": "2024-07-29 18:43:10 +0000"
    },
    "done": true
  },
  "minecraft:recipes/decorations/red_banner": {
    "criteria": {
      "has_red_wool": "2024-07-29 18:43:10 +0000"
    },
    "done": true
  },
  "cfm:recipes/decorations/red_trampoline": {
    "criteria": {
      "has_wool": "2024-07-29 18:43:10 +0000"
    },
    "done": true
  },
  "handcrafted:recipes/misc/red_sheet": {
    "criteria": {
      "has_red_sheet": "2024-07-29 18:43:10 +0000"
    },
    "done": true
  },
  "another_furniture:recipes/red_lamp": {
    "criteria": {
      "has_wool": "2024-07-29 18:43:10 +0000"
    },
    "done": true
  },
  "create:recipes/building_blocks/crafting/kinetics/red_seat": {
    "criteria": {
      "has_wool": "2024-07-29 18:43:10 +0000"
    },
    "done": true
  },
  "create:recipes/building_blocks/crafting/kinetics/light_gray_seat": {
    "criteria": {
      "has_wool": "2024-07-29 18:43:10 +0000"
    },
    "done": true
  },
  "comforts:sleeping_bag_red": {
    "criteria": {
      "has_red_wool": "2024-07-29 18:43:10 +0000"
    },
    "done": true
  },
  "create:recipes/building_blocks/crafting/kinetics/cyan_seat": {
    "criteria": {
      "has_wool": "2024-07-29 18:43:10 +0000"
    },
    "done": true
  },
  "minecraft:recipes/decorations/red_carpet": {
    "criteria": {
      "has_red_wool": "2024-07-29 18:43:10 +0000"
    },
    "done": true
  },
  "comforts:hammock_red": {
    "criteria": {
      "has_red_wool": "2024-07-29 18:43:10 +0000"
    },
    "done": true
  },
  "create:recipes/building_blocks/crafting/kinetics/pink_seat": {
    "criteria": {
      "has_wool": "2024-07-29 18:43:10 +0000"
    },
    "done": true
  },
  "another_furniture:recipes/red_tall_stool": {
    "criteria": {
      "has_wool": "2024-07-29 18:43:10 +0000"
    },
    "done": true
  },
  "adorn:root": {
    "criteria": {
      "has_wool": "2024-07-29 18:43:10 +0000"
    },
    "done": true
  },
  "supplementaries:recipes/flags/flag_red": {
    "criteria": {
      "has_red_wool": "2024-07-29 18:43:10 +0000"
    },
    "done": true
  },
  "another_furniture:recipes/red_sofa": {
    "criteria": {
      "has_wool": "2024-07-29 18:43:10 +0000"
    },
    "done": true
  },
  "create:recipes/building_blocks/crafting/kinetics/magenta_seat": {
    "criteria": {
      "has_wool": "2024-07-29 18:43:10 +0000"
    },
    "done": true
  },
  "adorn:recipes/red_sofa": {
    "criteria": {
      "has_wool": "2024-07-29 18:43:10 +0000"
    },
    "done": true
  },
  "cfm:recipes/decorations/red_sofa": {
    "criteria": {
      "has_wool": "2024-07-29 18:43:10 +0000"
    },
    "done": true
  },
  "create:recipes/building_blocks/crafting/kinetics/green_seat": {
    "criteria": {
      "has_wool": "2024-07-29 18:43:10 +0000"
    },
    "done": true
  },
  "create:recipes/building_blocks/crafting/kinetics/purple_seat": {
    "criteria": {
      "has_wool": "2024-07-29 18:43:10 +0000"
    },
    "done": true
  },
  "minecraft:recipes/decorations/red_bed": {
    "criteria": {
      "has_red_wool": "2024-07-29 18:43:10 +0000"
    },
    "done": true
  },
  "create:recipes/building_blocks/crafting/kinetics/brown_seat": {
    "criteria": {
      "has_wool": "2024-07-29 18:43:10 +0000"
    },
    "done": true
  },
  "create:recipes/building_blocks/crafting/kinetics/gray_seat": {
    "criteria": {
      "has_wool": "2024-07-29 18:43:10 +0000"
    },
    "done": true
  },
  "minecraft:recipes/decorations/painting": {
    "criteria": {
      "has_wool": "2024-07-29 18:43:10 +0000"
    },
    "done": true
  },
  "create:recipes/building_blocks/crafting/kinetics/orange_seat": {
    "criteria": {
      "has_wool": "2024-07-29 18:43:10 +0000"
    },
    "done": true
  },
  "create:recipes/building_blocks/crafting/kinetics/black_seat": {
    "criteria": {
      "has_wool": "2024-07-29 18:43:10 +0000"
    },
    "done": true
  },
  "another_furniture:recipes/red_stool": {
    "criteria": {
      "has_wool": "2024-07-29 18:43:10 +0000"
    },
    "done": true
  },
  "create:recipes/building_blocks/crafting/kinetics/white_seat": {
    "criteria": {
      "has_wool": "2024-07-29 18:43:10 +0000"
    },
    "done": true
  },
  "chiselsandbits:recipes/tools/bit_bag": {
    "criteria": {
      "has_w": "2024-07-29 18:43:10 +0000"
    },
    "done": true
  },
  "create:recipes/building_blocks/crafting/kinetics/lime_seat": {
    "criteria": {
      "has_wool": "2024-07-29 18:43:10 +0000"
    },
    "done": true
  },
  "create:recipes/building_blocks/crafting/kinetics/yellow_seat": {
    "criteria": {
      "has_wool": "2024-07-29 18:43:10 +0000"
    },
    "done": true
  },
  "another_furniture:recipes/yellow_lamp": {
    "criteria": {
      "has_wool": "2024-07-29 18:43:14 +0000"
    },
    "done": true
  },
  "minecraft:recipes/decorations/yellow_carpet": {
    "criteria": {
      "has_yellow_wool": "2024-07-29 18:43:14 +0000"
    },
    "done": true
  },
  "another_furniture:recipes/yellow_curtain": {
    "criteria": {
      "has_wool": "2024-07-29 18:43:14 +0000"
    },
    "done": true
  },
  "minecraft:recipes/decorations/yellow_bed": {
    "criteria": {
      "has_yellow_wool": "2024-07-29 18:43:14 +0000"
    },
    "done": true
  },
  "handcrafted:recipes/misc/yellow_cushion": {
    "criteria": {
      "has_yellow_cushion": "2024-07-29 18:43:14 +0000"
    },
    "done": true
  },
  "handcrafted:recipes/misc/yellow_sheet": {
    "criteria": {
      "has_yellow_sheet": "2024-07-29 18:43:14 +0000"
    },
    "done": true
  },
  "cfm:recipes/decorations/yellow_sofa": {
    "criteria": {
      "has_wool": "2024-07-29 18:43:14 +0000"
    },
    "done": true
  },
  "another_furniture:recipes/yellow_sofa": {
    "criteria": {
      "has_wool": "2024-07-29 18:43:14 +0000"
    },
    "done": true
  },
  "another_furniture:recipes/yellow_tall_stool": {
    "criteria": {
      "has_wool": "2024-07-29 18:43:14 +0000"
    },
    "done": true
  },
  "cfm:recipes/decorations/yellow_trampoline": {
    "criteria": {
      "has_wool": "2024-07-29 18:43:14 +0000"
    },
    "done": true
  },
  "adorn:recipes/yellow_sofa": {
    "criteria": {
      "has_wool": "2024-07-29 18:43:14 +0000"
    },
    "done": true
  },
  "another_furniture:recipes/yellow_stool": {
    "criteria": {
      "has_wool": "2024-07-29 18:43:14 +0000"
    },
    "done": true
  },
  "supplementaries:recipes/flags/flag_yellow": {
    "criteria": {
      "has_yellow_wool": "2024-07-29 18:43:14 +0000"
    },
    "done": true
  },
  "minecraft:recipes/decorations/yellow_banner": {
    "criteria": {
      "has_yellow_wool": "2024-07-29 18:43:14 +0000"
    },
    "done": true
  },
  "comforts:hammock_yellow": {
    "criteria": {
      "has_yellow_wool": "2024-07-29 18:43:14 +0000"
    },
    "done": true
  },
  "comforts:sleeping_bag_yellow": {
    "criteria": {
      "has_yellow_wool": "2024-07-29 18:43:14 +0000"
    },
    "done": true
  },
  "adorn:recipes/smooth_stone_step": {
    "criteria": {
      "has_slab": "2024-07-29 18:46:47 +0000"
    },
    "done": true
  },
  "minecraft:recipes/decorations/armor_stand": {
    "criteria": {
      "has_stone_slab": "2024-07-29 18:46:47 +0000"
    },
    "done": true
  },
  "supplementaries:recipes/statue": {
    "criteria": {
      "has_smooth_stone_slab": "2024-07-29 18:46:47 +0000"
    },
    "done": true
  },
  "chiselsandbits:recipes/tools/chiseled_printer": {
    "criteria": {
      "has_s": "2024-07-29 18:46:47 +0000"
    },
    "done": true
  },
  "adorn:recipes/smooth_stone_platform": {
    "criteria": {
      "has_slab": "2024-07-29 18:46:47 +0000"
    },
    "done": true
  },
  "adorn:recipes/stone_brick_step": {
    "criteria": {
      "has_slab": "2024-07-29 18:46:49 +0000"
    },
    "done": true
  },
  "adorn:recipes/stone_brick_platform": {
    "criteria": {
      "has_slab": "2024-07-29 18:46:49 +0000"
    },
    "done": true
  },
  "biomesoplenty:biomesoplenty/root": {
    "criteria": {
      "coniferous_forest": "2024-07-29 18:50:13 +0000"
    },
    "done": true
  },
  "biomesoplenty:biomesoplenty/all_biomes": {
    "criteria": {
      "shrubland": "2024-07-29 19:30:21 +0000",
      "coniferous_forest": "2024-07-29 18:50:13 +0000",
      "dune_beach": "2024-07-29 19:31:38 +0000"
    },
    "done": false
  },
  "minecraft:end/elytra": {
    "criteria": {
      "elytra": "2024-07-29 19:29:10 +0000"
    },
    "done": true
  },
  "minecraft:recipes/decorations/chest": {
    "criteria": {
      "has_lots_of_items": "2024-07-29 19:30:40 +0000"
    },
    "done": true
  },
  "DataVersion": 3465
}