{
  "ecologics:recipes/ecologics/azalea_boat": {
    "criteria": {
      "in_water": "2024-08-01 12:03:08 +0000"
    },
    "done": true
  },
  "biomesoplenty:recipes/transportation/willow_boat": {
    "criteria": {
      "in_water": "2024-08-01 12:03:08 +0000"
    },
    "done": true
  },
  "minecraft:recipes/decorations/crafting_table": {
    "criteria": {
      "unlock_right_away": "2024-08-01 12:02:43 +0000"
    },
    "done": true
  },
  "minecraft:recipes/transportation/cherry_boat": {
    "criteria": {
      "in_water": "2024-08-01 12:03:08 +0000"
    },
    "done": true
  },
  "biomesoplenty:recipes/transportation/dead_boat": {
    "criteria": {
      "in_water": "2024-08-01 12:03:08 +0000"
    },
    "done": true
  },
  "biomesoplenty:recipes/transportation/magic_boat": {
    "criteria": {
      "in_water": "2024-08-01 12:03:08 +0000"
    },
    "done": true
  },
  "biomesoplenty:biomesoplenty/root": {
    "criteria": {
      "mediterranean_forest": "2024-08-01 12:02:38 +0000"
    },
    "done": true
  },
  "minecraft:recipes/transportation/acacia_boat": {
    "criteria": {
      "in_water": "2024-08-01 12:03:08 +0000"
    },
    "done": true
  },
  "minecraft:recipes/transportation/charred_boat": {
    "criteria": {
      "in_water": "2024-08-01 12:03:08 +0000"
    },
    "done": true
  },
  "minecraft:recipes/transportation/jungle_boat": {
    "criteria": {
      "in_water": "2024-08-01 12:03:08 +0000"
    },
    "done": true
  },
  "biomesoplenty:recipes/transportation/fir_boat": {
    "criteria": {
      "in_water": "2024-08-01 12:03:08 +0000"
    },
    "done": true
  },
  "minecraft:recipes/transportation/spruce_boat": {
    "criteria": {
      "in_water": "2024-08-01 12:03:08 +0000"
    },
    "done": true
  },
  "biomesoplenty:recipes/transportation/redwood_boat": {
    "criteria": {
      "in_water": "2024-08-01 12:03:08 +0000"
    },
    "done": true
  },
  "minecraft:recipes/transportation/mangrove_boat": {
    "criteria": {
      "in_water": "2024-08-01 12:03:08 +0000"
    },
    "done": true
  },
  "biomesoplenty:recipes/transportation/hellbark_boat": {
    "criteria": {
      "in_water": "2024-08-01 12:03:08 +0000"
    },
    "done": true
  },
  "biomesoplenty:recipes/transportation/jacaranda_boat": {
    "criteria": {
      "in_water": "2024-08-01 12:03:08 +0000"
    },
    "done": true
  },
  "minecraft:recipes/transportation/coconut_boat": {
    "criteria": {
      "in_water": "2024-08-01 12:03:08 +0000"
    },
    "done": true
  },
  "ecologics:recipes/ecologics/coconut_boat": {
    "criteria": {
      "in_water": "2024-08-01 12:03:08 +0000"
    },
    "done": true
  },
  "biomesoplenty:recipes/transportation/palm_boat": {
    "criteria": {
      "in_water": "2024-08-01 12:03:08 +0000"
    },
    "done": true
  },
  "minecraft:recipes/transportation/cypress_boat": {
    "criteria": {
      "in_water": "2024-08-01 12:03:08 +0000"
    },
    "done": true
  },
  "ecologics:recipes/ecologics/flowering_azalea_boat": {
    "criteria": {
      "in_water": "2024-08-01 12:03:08 +0000"
    },
    "done": true
  },
  "minecraft:recipes/transportation/dark_oak_boat": {
    "criteria": {
      "in_water": "2024-08-01 12:03:08 +0000"
    },
    "done": true
  },
  "morevillagers:root": {
    "criteria": {
      "always": "2024-08-01 12:02:43 +0000"
    },
    "done": true
  },
  "biomesoplenty:recipes/transportation/umbran_boat": {
    "criteria": {
      "in_water": "2024-08-01 12:03:08 +0000"
    },
    "done": true
  },
  "minecraft:recipes/transportation/bamboo_raft": {
    "criteria": {
      "in_water": "2024-08-01 12:03:08 +0000"
    },
    "done": true
  },
  "ecologics:recipes/ecologics/walnut_boat": {
    "criteria": {
      "in_water": "2024-08-01 12:03:08 +0000"
    },
    "done": true
  },
  "supplementaries:adventure/way_sign": {
    "criteria": {
      "bastion": "2024-08-01 12:21:43 +0000"
    },
    "done": true
  },
  "graveyard:graveyard/lich_prison": {
    "criteria": {
      "lich_prison": "2024-08-01 12:12:16 +0000"
    },
    "done": true
  },
  "graveyard:graveyard/medium_graveyard": {
    "criteria": {
      "medium_graveyard": "2024-08-01 12:14:50 +0000"
    },
    "done": true
  },
  "orcz:orczchallenge": {
    "criteria": {
      "orczchallenge": "2024-08-01 12:02:43 +0000"
    },
    "done": true
  },
  "biomesoplenty:biomesoplenty/all_biomes": {
    "criteria": {
      "woodland": "2024-08-01 12:20:30 +0000",
      "shrubland": "2024-08-01 12:10:21 +0000",
      "rocky_shrubland": "2024-08-01 12:13:21 +0000",
      "scrubland": "2024-08-01 12:04:03 +0000",
      "bayou": "2024-08-01 12:21:03 +0000",
      "lush_savanna": "2024-08-01 12:23:38 +0000",
      "jade_cliffs": "2024-08-01 12:08:18 +0000",
      "clover_patch": "2024-08-01 12:08:06 +0000",
      "mystic_grove": "2024-08-01 12:16:27 +0000",
      "old_growth_woodland": "2024-08-01 12:17:08 +0000",
      "orchard": "2024-08-01 12:13:20 +0000",
      "mediterranean_forest": "2024-08-01 12:02:38 +0000",
      "wasteland": "2024-08-01 12:23:48 +0000",
      "lush_desert": "2024-08-01 12:23:49 +0000",
      "redwood_forest": "2024-08-01 12:08:17 +0000",
      "wasteland_steppe": "2024-08-01 12:24:12 +0000",
      "rocky_rainforest": "2024-08-01 12:07:14 +0000",
      "lavender_field": "2024-08-01 12:08:31 +0000",
      "grassland": "2024-08-01 12:14:14 +0000",
      "rainforest": "2024-08-01 12:07:11 +0000",
      "crag": "2024-08-01 12:21:31 +0000"
    },
    "done": false
  },
  "minecraft:recipes/transportation/birch_boat": {
    "criteria": {
      "in_water": "2024-08-01 12:03:08 +0000"
    },
    "done": true
  },
  "minecraft:recipes/transportation/oak_boat": {
    "criteria": {
      "in_water": "2024-08-01 12:03:08 +0000"
    },
    "done": true
  },
  "biomesoplenty:recipes/transportation/mahogany_boat": {
    "criteria": {
      "in_water": "2024-08-01 12:03:08 +0000"
    },
    "done": true
  },
  "minecraft:adventure/adventuring_time": {
    "criteria": {
      "minecraft:deep_ocean": "2024-08-01 12:10:44 +0000",
      "minecraft:birch_forest": "2024-08-01 12:07:41 +0000",
      "minecraft:bamboo_jungle": "2024-08-01 12:07:29 +0000",
      "minecraft:beach": "2024-08-01 12:04:55 +0000",
      "minecraft:dark_forest": "2024-08-01 12:07:39 +0000",
      "minecraft:sparse_jungle": "2024-08-01 12:06:36 +0000",
      "minecraft:river": "2024-08-01 12:04:00 +0000",
      "minecraft:stony_shore": "2024-08-01 12:07:48 +0000",
      "minecraft:forest": "2024-08-01 12:06:20 +0000",
      "minecraft:jungle": "2024-08-01 12:06:30 +0000",
      "minecraft:ocean": "2024-08-01 12:07:52 +0000",
      "minecraft:old_growth_birch_forest": "2024-08-01 12:07:32 +0000",
      "minecraft:savanna": "2024-08-01 12:03:38 +0000",
      "minecraft:plains": "2024-08-01 12:09:36 +0000"
    },
    "done": false
  },
  "DataVersion": 3465
}